<list>
  <string>Isabella</string>
  <string>Emma</string>
  <string>Olivia</string>
  <string>Sophia</string>
  <string>Ava</string>
  <string>Emily</string>
  <string>Madison</string>
  <string>Abigail</string>
  <string>Chloe</string>
  <string>Mia</string>
  <string>Elizabeth</string>
  <string>Addison</string>
  <string>Alexis</string>
  <string>Ella</string>
  <string>Samantha</string>
  <string>Natalie</string>
  <string>Grace</string>
  <string>Lily</string>
  <string>Alyssa</string>
  <string>Ashley</string>
  <string>Sarah</string>
  <string>Taylor</string>
  <string>Hannah</string>
  <string>Brianna</string>
  <string>Hailey</string>
  <string>Kaylee</string>
  <string>Lillian</string>
  <string>Leah</string>
  <string>Anna</string>
  <string>Allison</string>
  <string>Victoria</string>
  <string>Avery</string>
  <string>Gabriella</string>
  <string>Nevaeh</string>
  <string>Kayla</string>
  <string>Sofia</string>
  <string>Brooklyn</string>
  <string>Riley</string>
  <string>Evelyn</string>
  <string>Savannah</string>
  <string>Aubrey</string>
  <string>Alexa</string>
  <string>Peyton</string>
  <string>Makayla</string>
  <string>Layla</string>
  <string>Lauren</string>
  <string>Zoe</string>
  <string>Sydney</string>
  <string>Audrey</string>
  <string>Julia</string>
  <string>Jasmine</string>
  <string>Arianna</string>
  <string>Claire</string>
  <string>Brooke</string>
  <string>Amelia</string>
  <string>Morgan</string>
  <string>Destiny</string>
  <string>Bella</string>
  <string>Madelyn</string>
  <string>Katherine</string>
  <string>Kylie</string>
  <string>Maya</string>
  <string>Aaliyah</string>
  <string>Madeline</string>
  <string>Sophie</string>
  <string>Kimberly</string>
  <string>Kaitlyn</string>
  <string>Charlotte</string>
  <string>Alexandra</string>
  <string>Jocelyn</string>
  <string>Maria</string>
  <string>Valeria</string>
  <string>Andrea</string>
  <string>Trinity</string>
  <string>Zoey</string>
  <string>Gianna</string>
  <string>Mackenzie</string>
  <string>Jessica</string>
  <string>Camila</string>
  <string>Faith</string>
  <string>Autumn</string>
  <string>Ariana</string>
  <string>Genesis</string>
  <string>Payton</string>
  <string>Bailey</string>
  <string>Angelina</string>
  <string>Caroline</string>
  <string>Mariah</string>
  <string>Katelyn</string>
  <string>Rachel</string>
  <string>Vanessa</string>
  <string>Molly</string>
  <string>Melanie</string>
  <string>Serenity</string>
  <string>Khloe</string>
  <string>Gabrielle</string>
  <string>Paige</string>
  <string>Mya</string>
  <string>Eva</string>
  <string>Isabelle</string>
  <string>Yui</string>
  <string>Rio</string>
  <string>Yuna</string>
  <string>Hina</string>
  <string>Koharu</string>
  <string>Hinata</string>
  <string>Mei</string>
  <string>Mio</string>
  <string>Saki</string>
  <string>Miyu</string>
  <string>Kokona</string>
  <string>Haruka</string>
  <string>Rin</string>
  <string>Akari</string>
  <string>Yuna</string>
  <string>Honoka</string>
  <string>Momoka</string>
  <string>Aoi</string>
  <string>Ichika</string>
  <string>Sakura</string>
  <string>Himari</string>
  <string>Yume</string>
  <string>Airi</string>
  <string>Sara</string>
  <string>Nanami</string>
  <string>Ayaka</string>
  <string>Yuka</string>
  <string>Riko</string>
  <string>Noa</string>
  <string>Mao</string>
  <string>Yua</string>
  <string>Ayane</string>
  <string>Hiyori</string>
  <string>Misaki</string>
  <string>Yuzuki</string>
  <string>Rina</string>
  <string>Sana</string>
  <string>Ría</string>
  <string>Ruka</string>
  <string>Kanon</string>
  <string>Kaho</string>
  <string>Hana</string>
  <string>Karin</string>
  <string>Risa</string>
  <string>Shiori</string>
  <string>Fuka</string>
  <string>Rino</string>
  <string>Anna</string>
  <string>Natsuki</string>
  <string>Nana</string>
  <string>Reina</string>
  <string>Sofiya</string>
  <string>Anastasiya</string>
  <string>Daria</string>
  <string>Maria</string>
  <string>Polina</string>
  <string>Elizaveta</string>
  <string>Anna</string>
  <string>Viktoria</string>
  <string>Valeria</string>
  <string>Alissa</string>
  <string>Julia</string>
  <string>Lena</string>
  <string>Maja</string>
  <string>Zuzanna</string>
  <string>Wiktoria</string>
  <string>Amelia</string>
  <string>Oliwia</string>
  <string>Aleksandra</string>
  <string>Natalia</string>
  <string>Zofia</string>
  <string>Hanna</string>
  <string>Alicja</string>
  <string>Emilia</string>
  <string>Nikola</string>
  <string>Maria</string>
  <string>Gabriela</string>
  <string>Martyna</string>
  <string>Nadia</string>
  <string>Milena</string>
  <string>Luna</string>
  <string>Janne</string>
  <string>Eline</string>
  <string>Amelie</string>
  <string>Nore</string>
  <string>Febe</string>
  <string>Axelle</string>
  <string>Oona</string>
  <string>Jana</string>
  <string>Camille</string>
  <string>Helena</string>
  <string>Jade</string>
  <string>Noa</string>
  <string>Sarah</string>
  <string>Lara</string>
  <string>Liv</string>
  <string>Mona</string>
  <string>Bo</string>
  <string>Kaat</string>
  <string>Tess</string>
  <string>Aimi</string>
  <string>Akemi</string>
  <string>Asami</string>
  <string>Asuka</string>
  <string>Ayako</string>
  <string>Ayumi</string>
  <string>Azumi</string>
  <string>Bunko</string>
  <string>Chiasa</string>
  <string>Chie</string>
  <string>Chiharu</string>
  <string>Chikako</string>
  <string>Chiyoko</string>
  <string>Eiko</string>
  <string>Emi</string>
  <string>Emiko</string>
  <string>Eri</string>
  <string>Etsuko</string>
  <string>Fuji</string>
  <string>Fumiko</string>
  <string>Haruka</string>
  <string>Hideko</string>
  <string>Hikari</string>
  <string>Hisako</string>
  <string>Junko</string>
  <string>Kaori</string>
  <string>Kaoru</string>
  <string>Katsumi</string>
  <string>Kazue</string>
  <string>Kazuko</string>
  <string>Kazumi</string>
  <string>Kei</string>
  <string>Keiko</string>
  <string>Kimiko</string>
  <string>Kiyoko</string>
  <string>Kyoko</string>
  <string>Maiko</string>
  <string>Manami</string>
  <string>Mariko</string>
  <string>Masako</string>
  <string>Masami</string>
  <string>Masumi</string>
  <string>Megumi</string>
  <string>Michiko</string>
  <string>Midori</string>
  <string>Mieko</string>
  <string>Minako</string>
  <string>Mitsuko</string>
  <string>Miwa</string>
  <string>Miyuki</string>
  <string>Momo</string>
  <string>Momoe</string>
  <string>Momoko</string>
  <string>Nana</string>
  <string>Noriko</string>
  <string>Rei</string>
  <string>Reiko</string>
  <string>Ryoko</string>
  <string>Sachiko</string>
  <string>Saki</string>
  <string>Setsuko</string>
  <string>Shigeko</string>
  <string>Shiori</string>
  <string>Shizuka</string>
  <string>Shizuko</string>
  <string>Sumiko</string>
  <string>Suzu</string>
  <string>Tamiko</string>
  <string>Teruko</string>
  <string>Tomiko</string>
  <string>Toshiko</string>
  <string>Yasu</string>
  <string>Yoshie</string>
  <string>Yukiko</string>
  <string>Yuko</string>
  <string>Yumiko</string>
</list>