<list>
  <string>Jacob</string>
  <string>Ethan</string>
  <string>Michael</string>
  <string>Alexander</string>
  <string>William</string>
  <string>Joshua</string>
  <string>Daniel</string>
  <string>Jayden</string>
  <string>Noah</string>
  <string>Anthony</string>
  <string>Christopher</string>
  <string>Aiden</string>
  <string>Matthew</string>
  <string>David</string>
  <string>Andrew</string>
  <string>Joseph</string>
  <string>Logan</string>
  <string>James</string>
  <string>Ryan</string>
  <string>Benjamin</string>
  <string>Elijah</string>
  <string>Gabriel</string>
  <string>Christian</string>
  <string>Nathan</string>
  <string>Jackson</string>
  <string>John</string>
  <string>Samuel</string>
  <string>Tyler</string>
  <string>Dylan</string>
  <string>Jonathan</string>
  <string>Caleb</string>
  <string>Nicholas</string>
  <string>Gavin</string>
  <string>Mason</string>
  <string>Evan</string>
  <string>Landon</string>
  <string>Angel</string>
  <string>Brandon</string>
  <string>Lucas</string>
  <string>Isaac</string>
  <string>Isaiah</string>
  <string>Jack</string>
  <string>Jose</string>
  <string>Kevin</string>
  <string>Jordan</string>
  <string>Justin</string>
  <string>Brayden</string>
  <string>Luke</string>
  <string>Liam</string>
  <string>Carter</string>
  <string>Owen</string>
  <string>Connor</string>
  <string>Zachary</string>
  <string>Aaron</string>
  <string>Robert</string>
  <string>Hunter</string>
  <string>Thomas</string>
  <string>Adrian</string>
  <string>Cameron</string>
  <string>Wyatt</string>
  <string>Chase</string>
  <string>Julian</string>
  <string>Austin</string>
  <string>Charles</string>
  <string>Jeremiah</string>
  <string>Jason</string>
  <string>Juan</string>
  <string>Xavier</string>
  <string>Luis</string>
  <string>Sebastian</string>
  <string>Henry</string>
  <string>Aidan</string>
  <string>Ian</string>
  <string>Adam</string>
  <string>Diego</string>
  <string>Nathaniel</string>
  <string>Brody</string>
  <string>Jesus</string>
  <string>Carlos</string>
  <string>Tristan</string>
  <string>Dominic</string>
  <string>Cole</string>
  <string>Alex</string>
  <string>Cooper</string>
  <string>Ayden</string>
  <string>Carson</string>
  <string>Josiah</string>
  <string>Levi</string>
  <string>Blake</string>
  <string>Eli</string>
  <string>Hayden</string>
  <string>Bryan</string>
  <string>Colton</string>
  <string>Brian</string>
  <string>Eric</string>
  <string>Parker</string>
  <string>Sean</string>
  <string>Oliver</string>
  <string>Miguel</string>
  <string>Kyle</string>
  <string>Haruto</string>
  <string>Yuto</string>
  <string>Sota</string>
  <string>Yuki</string>
  <string>Hayato</string>
  <string>Haruki</string>
  <string>Ryusei</string>
  <string>Koki</string>
  <string>Sora</string>
  <string>Sosuke</string>
  <string>Riku</string>
  <string>Soma</string>
  <string>Ryota</string>
  <string>Rui</string>
  <string>Kaito</string>
  <string>Haru</string>
  <string>Kota</string>
  <string>Yusei</string>
  <string>Yuito</string>
  <string>Yuma</string>
  <string>Ren</string>
  <string>Takumi</string>
  <string>Minato</string>
  <string>Eita</string>
  <string>Shota</string>
  <string>Daiki</string>
  <string>Hiroto</string>
  <string>Kose </string>
  <string>Takeru</string>
  <string>Hinata</string>
  <string>Toma</string>
  <string>Manato</string>
  <string>Ryuki</string>
  <string>Rikuto</string>
  <string>Aoto</string>
  <string>Ibuki</string>
  <string>Tatsuki</string>
  <string>Haruma</string>
  <string>Yamato</string>
  <string>Ryuto</string>
  <string>Taisei</string>
  <string>Yuta</string>
  <string>Itsuki </string>
  <string>Soshi</string>
  <string>Taiga</string>
  <string>Kosuke</string>
  <string>Shoma</string>
  <string>Yushin</string>
  <string>Ryuga</string>
  <string>Ryo</string>
  <string>Rento</string>
  <string>Jakub</string>
  <string>Kacper</string>
  <string>Filip</string>
  <string>Szymon</string>
  <string>Jan</string>
  <string>Michal</string>
  <string>Antoni</string>
  <string>Mateusz</string>
  <string>Bartosz</string>
  <string>Wojciech</string>
  <string>Adam</string>
  <string>Piotr</string>
  <string>Aleksander</string>
  <string>Igor</string>
  <string>Mikolaj</string>
  <string>Wiktor</string>
  <string>Dawid</string>
  <string>Marcel</string>
  <string>Franciszek</string>
  <string>Maciej</string>
  <string>Alan</string>
  <string>Karol</string>
  <string>Dominik</string>
  <string>Oskar</string>
  <string>Oliwier</string>
  <string>Hubert</string>
  <string>Pawel</string>
  <string>Tomasz</string>
  <string>Krzysztof</string>
  <string>Patryk</string>
  <string>Maksymilian</string>
  <string>Kamil</string>
  <string>Milosz</string>
  <string>Stanislaw</string>
  <string>Nikodem</string>
  <string>Bartlomiej</string>
  <string>Sebastian</string>
  <string>Krystian</string>
  <string>Tymoteusz</string>
  <string>Ksawery</string>
  <string>Julian</string>
  <string>Fabian</string>
  <string>Lukasz</string>
  <string>Leon</string>
  <string>Tymon</string>
  <string>Ignacy</string>
  <string>Blazej</string>
  <string>Marcin</string>
  <string>Andrzej</string>
  <string>Arkadiusz</string>
  <string>Artur</string>
  <string>Borys</string>
  <string>Damian</string>
  <string>Daniel</string>
  <string>Eryk</string>
  <string>Grzegorz</string>
  <string>Konrad</string>
  <string>Marek</string>
  <string>Norbert</string>
  <string>Przemyslaw</string>
  <string>Radoslaw</string>
  <string>Rafal</string>
  <string>Akihiko</string>
  <string>Akihiro</string>
  <string>Akio</string>
  <string>Arata</string>
  <string>Atsushi</string>
  <string>Daiki</string>
  <string>Daisuke</string>
  <string>Fumio</string>
  <string>Hajime</string>
  <string>Hideaki</string>
  <string>Hideki</string>
  <string>Hideo</string>
  <string>Hiroaki</string>
  <string>Hiroki</string>
  <string>Hiroshi</string>
  <string>Hisao</string>
  <string>Hisashi</string>
  <string>Hisoka</string>
  <string>Hitoshi</string>
  <string>Hotaka</string>
  <string>Isao</string>
  <string>Iwao</string>
  <string>Katashi</string>
  <string>Katsu</string>
  <string>Katsuo</string>
  <string>Katsuro</string>
  <string>Kazuhiko</string>
  <string>Kazuhiro</string>
  <string>Kazuo</string>
  <string>Kenji</string>
  <string>Kenshin</string>
  <string>Kenta</string>
  <string>Kioshi</string>
  <string>Kiyoshi</string>
  <string>Kunio</string>
  <string>Makoto</string>
  <string>Mamoru</string>
  <string>Manabu</string>
  <string>Masaaki</string>
  <string>Masahiko</string>
  <string>Masahiro</string>
  <string>Masanori</string>
  <string>Masao</string>
  <string>Masaru</string>
  <string>Masashi</string>
  <string>Masato</string>
  <string>Masayoshi</string>
  <string>Masayuki</string>
  <string>Masuyo</string>
  <string>Michio</string>
  <string>Minoru</string>
  <string>Mitsuru</string>
  <string>Nobu</string>
  <string>Norio</string>
  <string>Osamu</string>
  <string>Ryo</string>
  <string>Ryota</string>
  <string>Sadao</string>
  <string>Satoru</string>
  <string>Shigeo</string>
  <string>Shigeru</string>
  <string>Shin</string>
  <string>Takashi</string>
  <string>Takehiko</string>
  <string>Takeo</string>
  <string>Takeshi</string>
  <string>Takumi</string>
  <string>Tamotsu</string>
  <string>Teruo</string>
  <string>Tomio</string>
  <string>Toshiaki</string>
  <string>Toshio</string>
  <string>Toshiyuki</string>
  <string>Tsuneo</string>
  <string>Tsuyoshi</string>
  <string>Yori</string>
  <string>Yoshihiro</string>
  <string>Yoshio</string>
  <string>Yoshiro</string>
  <string>Yoshiyuki</string>
  <string>Yukio</string>
  <string>Yutaka</string>
  <string>Yuu</string>
  <string>Yuudai</string>
</list>