<fetishmaster.utils.LinkedMapList serialization="custom">
  <unserializable-parents/>
  <map>
    <default>
      <loadFactor>0.75</loadFactor>
      <threshold>48</threshold>
    </default>
    <int>64</int>
    <int>42</int>
    <string>[proxy]</string>
    <string>&lt;%proxy.getName();%&gt;</string>
    <string>[Proxy]</string>
    <string>&lt;%proxy.getName();%&gt;</string>
    <string>[He]</string>
    <string>&lt;%@proxy.HeShe();%&gt;</string>
    <string>[he]</string>
    <string>&lt;%proxy.HeShe();%&gt;</string>
    <string>[She]</string>
    <string>&lt;%@proxy.HeShe();%&gt;</string>
    <string>[she]</string>
    <string>&lt;%proxy.HeShe();%&gt;</string>
    <string>[HeShe]</string>
    <string>&lt;%@proxy.HeShe();%&gt;</string>
    <string>[heshe]</string>
    <string>&lt;%proxy.HeShe();%&gt;</string>
    <string>[HimHer]</string>
    <string>&lt;%@proxy.HimHer();%&gt;</string>
    <string>[himher]</string>
    <string>&lt;%proxy.HimHer();%&gt;</string>
    <string>[HisHer]</string>
    <string>&lt;%@proxy.HisHer();%&gt;</string>
    <string>[hisher]</string>
    <string>&lt;%proxy.HisHer();%&gt;</string>
    <string>[her]</string>
    <string>&lt;%proxy.HisHer();%&gt;</string>
    <string>[Her]</string>
    <string>&lt;%@proxy.HisHer();%&gt;</string>
    <string>[belly]</string>
    <string>&lt;%Include(&quot;c_od/abdomen&quot;);%&gt;</string>
    <string>[balls]</string>
    <string>&lt;%Include(&quot;c_od/balls&quot;);%&gt;</string>
    <string>[vagina]</string>
    <string>&lt;%Include(&quot;c_od/vagina&quot;);%&gt;</string>
    <string>[penis]</string>
    <string>&lt;%Include(&quot;c_od/penis&quot;);%&gt;</string>
    <string>[breasts]</string>
    <string>&lt;%Include(&quot;c_od/breasts&quot;);%&gt;</string>
    <string>[=proxy]</string>
    <string>&lt;%c=proxy; &quot;&quot;;%&gt;</string>
    <string>[=enemy]</string>
    <string>&lt;%c=enemy; &quot;&quot;;%&gt;</string>
    <string>[=target]</string>
    <string>&lt;%c=iTarget; &quot;&quot;;%&gt;</string>
    <string>[=self]</string>
    <string>&lt;%c=self; &quot;&quot;;%&gt;</string>
    <string>[t-He]</string>
    <string>&lt;%@c.HeShe();%&gt;</string>
    <string>[t-he]</string>
    <string>&lt;%c.HeShe();%&gt;</string>
    <string>[t-She]</string>
    <string>&lt;%@c.HeShe();%&gt;</string>
    <string>[t-she]</string>
    <string>&lt;%c.HeShe();%&gt;</string>
    <string>[t-HeShe]</string>
    <string>&lt;%@c.HeShe();%&gt;</string>
    <string>[t-heshe]</string>
    <string>&lt;%c.HeShe();%&gt;</string>
    <string>[t-HimHer]</string>
    <string>&lt;%@c.HimHer();%&gt;</string>
    <string>[t-himher]</string>
    <string>&lt;%c.HimHer();%&gt;</string>
    <string>[t-HisHer]</string>
    <string>&lt;%@c.HisHer();%&gt;</string>
    <string>[t-hisher]</string>
    <string>&lt;%c.HisHer();%&gt;</string>
    <string>[t-her]</string>
    <string>&lt;%c.HisHer();%&gt;</string>
    <string>[t-Her]</string>
    <string>&lt;%@c.HisHer();%&gt;</string>
    <string>[target]</string>
    <string>&lt;%iTarget.getName();%&gt;</string>
    <string>[Target]</string>
    <string>&lt;%iTarget.getName();%&gt;</string>
    <string>[hips]</string>
    <string>&lt;%Include(&quot;c_od/hips&quot;);%&gt;</string>
    <string>[=giver]</string>
    <string>&lt;%c=giver; &quot;&quot;;%&gt;</string>
    <string>[=taker]</string>
    <string>&lt;%c=taker; &quot;&quot;;%&gt;</string>
    <string>[t-name]</string>
    <string>&lt;%c.getName();%&gt;</string>
    <string>[t-Name]</string>
    <string>&lt;%@c.getName();%&gt;</string>
  </map>
  <linked-hash-map>
    <default>
      <accessOrder>false</accessOrder>
    </default>
  </linked-hash-map>
</fetishmaster.utils.LinkedMapList>